{
  "pesq": 1.5686030626296996,
  "si-sdr": 9.417589664459229
}